{
  "users": [
    {
      "name": "intern_user",
      "roles": [
        "support_staff"
      ]
    },
    {
      "name": "it_user",
      "roles": [
        "it_support"
      ]
    },
    {
      "name": "manager_user",
      "roles": [
        "manager"
      ]
    },
    {
      "name": "admin_user",
      "roles": [
        "admin"
      ]
    }
  ],
  "roles": {
    "support_staff": {
      "permissions": [
        "view_tickets"
      ],
      "inherits": [
        "group_editor"
      ]
    },
    "group_editor": {
      "permissions": [
        "modify_groups"
      ],
      "inherits": [
        "role_assigner"
      ]
    },
    "role_assigner": {
      "permissions": [
        "assign_roles"
      ],
      "inherits": [
        "admin"
      ]
    },
    "it_support": {
      "permissions": [
        "reset_passwords"
      ],
      "inherits": [
        "group_editor"
      ]
    },
    "manager": {
      "permissions": [
        "approve_requests"
      ],
      "inherits": []
    },
    "admin": {
      "permissions": [
        "full_access"
      ],
      "inherits": []
    }
  }
}