{
  "assign_roles": {
    "technique": "Valid Accounts",
    "id": "T1078",
    "tactic": "Privilege Escalation / Persistence",
    "note": "Abusing role assignment to gain higher privileges."
  },
  "modify_groups": {
    "technique": "Account Manipulation",
    "id": "T1098",
    "tactic": "Privilege Escalation / Persistence",
    "note": "Manipulating group membership to increase access."
  },
  "reset_passwords": {
    "technique": "Account Manipulation",
    "id": "T1098",
    "tactic": "Privilege Escalation / Persistence",
    "note": "Resetting credentials to take over accounts."
  },
  "audit_roles": {
    "technique": "Impair Defenses",
    "id": "T1562",
    "tactic": "Defense Evasion",
    "note": "Abusing audit/admin visibility to conceal actions."
  },
  "full_access": {
    "technique": "Privilege Escalation",
    "id": "TA0004",
    "tactic": "Privilege Escalation",
    "note": "Admin-level access achieved."
  }
}